-- TIPOUBICA
INSERT INTO TIPOUBICA (CODTIPOUBICA,DESCTIPOUBICA) VALUES ('1','País');
INSERT INTO TIPOUBICA (CODTIPOUBICA,DESCTIPOUBICA) VALUES ('2','Departamento');
INSERT INTO TIPOUBICA (CODTIPOUBICA,DESCTIPOUBICA) VALUES ('3','Ciudad');
INSERT INTO TIPOUBICA (CODTIPOUBICA,DESCTIPOUBICA) VALUES ('4','Area');
INSERT INTO TIPOUBICA (CODTIPOUBICA,DESCTIPOUBICA) VALUES ('5','Provincia');

-- UBICACION
INSERT INTO UBICACION (CODUBICA,NOMUBICA,CODTIPOUBICA,UBI_CODUBICA) VALUES ('57','Colombia','1',NULL);
INSERT INTO UBICACION (CODUBICA,NOMUBICA,CODTIPOUBICA,UBI_CODUBICA) VALUES ('1','E.U','1',NULL);
INSERT INTO UBICACION (CODUBICA,NOMUBICA,CODTIPOUBICA,UBI_CODUBICA) VALUES ('34','España','1',NULL);
INSERT INTO UBICACION (CODUBICA,NOMUBICA,CODTIPOUBICA,UBI_CODUBICA) VALUES ('54','Argentina','1',NULL);
INSERT INTO UBICACION (CODUBICA,NOMUBICA,CODTIPOUBICA,UBI_CODUBICA) VALUES ('05','Antioquia','2','57');
INSERT INTO UBICACION (CODUBICA,NOMUBICA,CODTIPOUBICA,UBI_CODUBICA) VALUES ('81','Arauca','2','57');
INSERT INTO UBICACION (CODUBICA,NOMUBICA,CODTIPOUBICA,UBI_CODUBICA) VALUES ('11','Bogotá','2','57');
INSERT INTO UBICACION (CODUBICA,NOMUBICA,CODTIPOUBICA,UBI_CODUBICA) VALUES ('15','Boyacá','2','57');
INSERT INTO UBICACION (CODUBICA,NOMUBICA,CODTIPOUBICA,UBI_CODUBICA) VALUES ('25','Cundinamarca','2','57');
INSERT INTO UBICACION (CODUBICA,NOMUBICA,CODTIPOUBICA,UBI_CODUBICA) VALUES ('205','Alabama','4','1');
INSERT INTO UBICACION (CODUBICA,NOMUBICA,CODTIPOUBICA,UBI_CODUBICA) VALUES ('907','Alaska','4','1');
INSERT INTO UBICACION (CODUBICA,NOMUBICA,CODTIPOUBICA,UBI_CODUBICA) VALUES ('209','California','4','1');

-- TIPOCONTENIDO
INSERT INTO TIPOCONTENIDO (IDTIPOCONTENIDO,DESCTIPOCONTENIDO) VALUES ('1','Imagen');
INSERT INTO TIPOCONTENIDO (IDTIPOCONTENIDO,DESCTIPOCONTENIDO) VALUES ('2','Texto');
INSERT INTO TIPOCONTENIDO (IDTIPOCONTENIDO,DESCTIPOCONTENIDO) VALUES ('3','Emoticons');
INSERT INTO TIPOCONTENIDO (IDTIPOCONTENIDO,DESCTIPOCONTENIDO) VALUES ('4','Url');
INSERT INTO TIPOCONTENIDO (IDTIPOCONTENIDO,DESCTIPOCONTENIDO) VALUES ('5','Video');

-- TIPOARCHIVO
INSERT INTO TIPOARCHIVO (IDTIPOARCHIVO,DESCTIPOARCHIVO) VALUES ('1','PDF Documento Portable');
INSERT INTO TIPOARCHIVO (IDTIPOARCHIVO,DESCTIPOARCHIVO) VALUES ('2','DOC Documento');
INSERT INTO TIPOARCHIVO (IDTIPOARCHIVO,DESCTIPOARCHIVO) VALUES ('3','XLS Hoja Calculo');
INSERT INTO TIPOARCHIVO (IDTIPOARCHIVO,DESCTIPOARCHIVO) VALUES ('4','GIF Imagen');
INSERT INTO TIPOARCHIVO (IDTIPOARCHIVO,DESCTIPOARCHIVO) VALUES ('5','BMP Imagen');
INSERT INTO TIPOARCHIVO (IDTIPOARCHIVO,DESCTIPOARCHIVO) VALUES ('6','MP4 Video');
INSERT INTO TIPOARCHIVO (IDTIPOARCHIVO,DESCTIPOARCHIVO) VALUES ('7','AVI Video');
INSERT INTO TIPOARCHIVO (IDTIPOARCHIVO,DESCTIPOARCHIVO) VALUES ('8','MP3 Musica');
INSERT INTO TIPOARCHIVO (IDTIPOARCHIVO,DESCTIPOARCHIVO) VALUES ('9','EXE ejecutable');

-- "USER"
INSERT INTO "USER" (CONSECUSER,CODUBICA,USE_CONSECUSER,NOMBRE,APELLIDO,"USER",FECHAREGISTRO,EMAIL,CELULAR) 
VALUES ('U0001','11',NULL,'Juan','Pérez','juanp',TO_DATE('2025-06-04 20:59:41','YYYY-MM-DD HH24:MI:SS'),'juan@mail.com','3101111111');

INSERT INTO "USER" (CONSECUSER,CODUBICA,USE_CONSECUSER,NOMBRE,APELLIDO,"USER",FECHAREGISTRO,EMAIL,CELULAR) 
VALUES ('U0002','209',NULL,'María','Gómez','mariag',TO_DATE('2025-06-05 20:59:41','YYYY-MM-DD HH24:MI:SS'),'maria@mail.com','3102222222');

INSERT INTO "USER" (CONSECUSER,CODUBICA,USE_CONSECUSER,NOMBRE,APELLIDO,"USER",FECHAREGISTRO,EMAIL,CELULAR) 
VALUES ('U0003','57',NULL,'Carlos','López','carlos',TO_DATE('2025-06-06 20:59:41','YYYY-MM-DD HH24:MI:SS'),'carlos@mail.com','3103333333');

INSERT INTO "USER" (CONSECUSER,CODUBICA,USE_CONSECUSER,NOMBRE,APELLIDO,"USER",FECHAREGISTRO,EMAIL,CELULAR) 
VALUES ('U0004','1',NULL,'Ana','Rodríguez','anar',TO_DATE('2025-06-07 20:59:41','YYYY-MM-DD HH24:MI:SS'),'ana@mail.com','3104444444');

INSERT INTO "USER" (CONSECUSER,CODUBICA,USE_CONSECUSER,NOMBRE,APELLIDO,"USER",FECHAREGISTRO,EMAIL,CELULAR) 
VALUES ('U0005','34',NULL,'Pedro','Martínez','pedrom',TO_DATE('2025-06-08 20:59:41','YYYY-MM-DD HH24:MI:SS'),'pedro@mail.com','3105555555');

INSERT INTO "USER" (CONSECUSER,CODUBICA,USE_CONSECUSER,NOMBRE,APELLIDO,"USER",FECHAREGISTRO,EMAIL,CELULAR) 
VALUES ('U0006','54',NULL,'Laura','Díaz','laurad',TO_DATE('2025-06-09 20:59:41','YYYY-MM-DD HH24:MI:SS'),'laura@mail.com','3106666666');

INSERT INTO "USER" (CONSECUSER,CODUBICA,USE_CONSECUSER,NOMBRE,APELLIDO,"USER",FECHAREGISTRO,EMAIL,CELULAR) 
VALUES ('U0007','11',NULL,'David','Hernández','davidh',TO_DATE('2025-06-10 20:59:41','YYYY-MM-DD HH24:MI:SS'),'david@mail.com','3107777777');

INSERT INTO "USER" (CONSECUSER,CODUBICA,USE_CONSECUSER,NOMBRE,APELLIDO,"USER",FECHAREGISTRO,EMAIL,CELULAR) 
VALUES ('U0008','209',NULL,'Sofía','García','sofiag',TO_DATE('2025-06-11 20:59:41','YYYY-MM-DD HH24:MI:SS'),'sofia@mail.com','3108888888');

INSERT INTO "USER" (CONSECUSER,CODUBICA,USE_CONSECUSER,NOMBRE,APELLIDO,"USER",FECHAREGISTRO,EMAIL,CELULAR) 
VALUES ('U0009','57',NULL,'Jorge','Vargas','jorgev',TO_DATE('2025-06-12 20:59:41','YYYY-MM-DD HH24:MI:SS'),'jorge@mail.com','3109999999');

INSERT INTO "USER" (CONSECUSER,CODUBICA,USE_CONSECUSER,NOMBRE,APELLIDO,"USER",FECHAREGISTRO,EMAIL,CELULAR) 
VALUES ('U0010','1',NULL,'Luisa','Fernández','luisaf',TO_DATE('2025-06-13 20:59:41','YYYY-MM-DD HH24:MI:SS'),'luisa@mail.com','3100000000');

-- AMIG_
INSERT INTO AMIG_ (CONSECUSER,USE_CONSECUSER) VALUES ('U0001','U0002');
INSERT INTO AMIG_ (CONSECUSER,USE_CONSECUSER) VALUES ('U0001','U0004');
INSERT INTO AMIG_ (CONSECUSER,USE_CONSECUSER) VALUES ('U0001','U0005');
INSERT INTO AMIG_ (CONSECUSER,USE_CONSECUSER) VALUES ('U0002','U0001');
INSERT INTO AMIG_ (CONSECUSER,USE_CONSECUSER) VALUES ('U0002','U0004');
INSERT INTO AMIG_ (CONSECUSER,USE_CONSECUSER) VALUES ('U0002','U0005');
INSERT INTO AMIG_ (CONSECUSER,USE_CONSECUSER) VALUES ('U0003','U0004');
INSERT INTO AMIG_ (CONSECUSER,USE_CONSECUSER) VALUES ('U0003','U0006');
INSERT INTO AMIG_ (CONSECUSER,USE_CONSECUSER) VALUES ('U0003','U0007');
INSERT INTO AMIG_ (CONSECUSER,USE_CONSECUSER) VALUES ('U0004','U0001');
INSERT INTO AMIG_ (CONSECUSER,USE_CONSECUSER) VALUES ('U0004','U0002');
INSERT INTO AMIG_ (CONSECUSER,USE_CONSECUSER) VALUES ('U0004','U0003');
INSERT INTO AMIG_ (CONSECUSER,USE_CONSECUSER) VALUES ('U0005','U0001');
INSERT INTO AMIG_ (CONSECUSER,USE_CONSECUSER) VALUES ('U0005','U0002');
INSERT INTO AMIG_ (CONSECUSER,USE_CONSECUSER) VALUES ('U0005','U0006');
INSERT INTO AMIG_ (CONSECUSER,USE_CONSECUSER) VALUES ('U0006','U0003');
INSERT INTO AMIG_ (CONSECUSER,USE_CONSECUSER) VALUES ('U0006','U0005');
INSERT INTO AMIG_ (CONSECUSER,USE_CONSECUSER) VALUES ('U0006','U0007');
INSERT INTO AMIG_ (CONSECUSER,USE_CONSECUSER) VALUES ('U0007','U0003');
INSERT INTO AMIG_ (CONSECUSER,USE_CONSECUSER) VALUES ('U0007','U0006');
INSERT INTO AMIG_ (CONSECUSER,USE_CONSECUSER) VALUES ('U0007','U0008');
INSERT INTO AMIG_ (CONSECUSER,USE_CONSECUSER) VALUES ('U0008','U0007');
INSERT INTO AMIG_ (CONSECUSER,USE_CONSECUSER) VALUES ('U0008','U0009');
INSERT INTO AMIG_ (CONSECUSER,USE_CONSECUSER) VALUES ('U0008','U0010');
INSERT INTO AMIG_ (CONSECUSER,USE_CONSECUSER) VALUES ('U0009','U0004');
INSERT INTO AMIG_ (CONSECUSER,USE_CONSECUSER) VALUES ('U0009','U0008');
INSERT INTO AMIG_ (CONSECUSER,USE_CONSECUSER) VALUES ('U0009','U0010');
INSERT INTO AMIG_ (CONSECUSER,USE_CONSECUSER) VALUES ('U0010','U0005');
INSERT INTO AMIG_ (CONSECUSER,USE_CONSECUSER) VALUES ('U0010','U0008');
INSERT INTO AMIG_ (CONSECUSER,USE_CONSECUSER) VALUES ('U0010','U0009');

-- GRUPO
INSERT INTO GRUPO (CODGRUPO,CONSECUSER,GRU_CODGRUPO,NOMGRUPO,FECHAREGGRUPO, IMAGGRUPO) 
VALUES (1001,'U0001',NULL,'Programadores Java',TO_DATE('2025-06-14 20:59:41','YYYY-MM-DD HH24:MI:SS'), EMPTY_BLOB());
INSERT INTO GRUPO (CODGRUPO,CONSECUSER,GRU_CODGRUPO,NOMGRUPO,FECHAREGGRUPO, IMAGGRUPO) 
VALUES (1002,'U0002',NULL,'Amantes Música',TO_DATE('2025-06-19 20:59:41','YYYY-MM-DD HH24:MI:SS'), EMPTY_BLOB());
INSERT INTO GRUPO (CODGRUPO,CONSECUSER,GRU_CODGRUPO,NOMGRUPO,FECHAREGGRUPO, IMAGGRUPO) 
VALUES (1003,'U0004',NULL,'Viajeros',TO_DATE('2025-06-24 20:59:41','YYYY-MM-DD HH24:MI:SS'), EMPTY_BLOB());

-- PERTENECE
INSERT INTO PERTENECE (CODGRUPO,CONSECUSER) VALUES (1001,'U0001');
INSERT INTO PERTENECE (CODGRUPO,CONSECUSER) VALUES (1001,'U0002');
INSERT INTO PERTENECE (CODGRUPO,CONSECUSER) VALUES (1001,'U0004');
INSERT INTO PERTENECE (CODGRUPO,CONSECUSER) VALUES (1001,'U0005');
INSERT INTO PERTENECE (CODGRUPO,CONSECUSER) VALUES (1001,'U0006');
INSERT INTO PERTENECE (CODGRUPO,CONSECUSER) VALUES (1001,'U0007');
INSERT INTO PERTENECE (CODGRUPO,CONSECUSER) VALUES (1002,'U0001');
INSERT INTO PERTENECE (CODGRUPO,CONSECUSER) VALUES (1002,'U0002');
INSERT INTO PERTENECE (CODGRUPO,CONSECUSER) VALUES (1002,'U0004');
INSERT INTO PERTENECE (CODGRUPO,CONSECUSER) VALUES (1002,'U0006');
INSERT INTO PERTENECE (CODGRUPO,CONSECUSER) VALUES (1002,'U0008');
INSERT INTO PERTENECE (CODGRUPO,CONSECUSER) VALUES (1002,'U0010');
INSERT INTO PERTENECE (CODGRUPO,CONSECUSER) VALUES (1003,'U0002');
INSERT INTO PERTENECE (CODGRUPO,CONSECUSER) VALUES (1003,'U0003');
INSERT INTO PERTENECE (CODGRUPO,CONSECUSER) VALUES (1003,'U0004');
INSERT INTO PERTENECE (CODGRUPO,CONSECUSER) VALUES (1003,'U0005');
INSERT INTO PERTENECE (CODGRUPO,CONSECUSER) VALUES (1003,'U0007');
INSERT INTO PERTENECE (CODGRUPO,CONSECUSER) VALUES (1003,'U0009');

--GRUPO 1001--
--- Mensajes normales
-- MENSAJES GRUPO 1001 (con hora creciente)
INSERT INTO MENSAJE VALUES ('U0001', 'U0001', 1, 1001, NULL, NULL, NULL, TO_DATE('2025-07-06 08:00:00', 'YYYY-MM-DD HH24:MI:SS'));
INSERT INTO MENSAJE VALUES ('U0002', 'U0002', 2, 1001, NULL, NULL, NULL, TO_DATE('2025-07-06 08:05:00', 'YYYY-MM-DD HH24:MI:SS'));
INSERT INTO MENSAJE VALUES ('U0003', 'U0003', 3, 1001, NULL, NULL, NULL, TO_DATE('2025-07-06 08:10:00', 'YYYY-MM-DD HH24:MI:SS'));
INSERT INTO MENSAJE VALUES ('U0004', 'U0004', 4, 1001, NULL, NULL, NULL, TO_DATE('2025-07-06 08:15:00', 'YYYY-MM-DD HH24:MI:SS'));
INSERT INTO MENSAJE VALUES ('U0005', 'U0005', 5, 1001, NULL, NULL, NULL, TO_DATE('2025-07-06 08:20:00', 'YYYY-MM-DD HH24:MI:SS'));

-- Hilo (responden al mensaje 2)
INSERT INTO MENSAJE VALUES ('U0003', 'U0003', 6, 1001, 'U0002', 'U0002', 2, TO_DATE('2025-07-06 08:25:00', 'YYYY-MM-DD HH24:MI:SS'));
INSERT INTO MENSAJE VALUES ('U0004', 'U0004', 7, 1001, 'U0002', 'U0002', 2, TO_DATE('2025-07-06 08:30:00', 'YYYY-MM-DD HH24:MI:SS'));
INSERT INTO MENSAJE VALUES ('U0006', 'U0006', 8, 1001, 'U0002', 'U0002', 2, TO_DATE('2025-07-06 08:35:00', 'YYYY-MM-DD HH24:MI:SS'));

-- Todos los mensajes son de tipo texto (IDTIPOCONTENIDO = '2'), sin archivo (IDTIPOARCHIVO = NULL)
INSERT INTO CONTENIDO VALUES ('U0001', 'U0001', 1, 1, '2', NULL, EMPTY_BLOB(), 'Hola a todos');
INSERT INTO CONTENIDO VALUES ('U0002', 'U0002', 2, 1, '2', NULL, EMPTY_BLOB(), '¿Qué tal va la semana?');
INSERT INTO CONTENIDO VALUES ('U0003', 'U0003', 3, 1, '2', NULL, EMPTY_BLOB(), 'Todo bien, gracias');
INSERT INTO CONTENIDO VALUES ('U0004', 'U0004', 4, 1, '2', NULL, EMPTY_BLOB(), 'Tenemos reunión hoy');
INSERT INTO CONTENIDO VALUES ('U0005', 'U0005', 5, 1, '2', NULL, EMPTY_BLOB(), 'Sí, a las 3pm');

-- Contenidos que responden al mensaje 2
INSERT INTO CONTENIDO VALUES ('U0003', 'U0003', 6, 1, '2', NULL, EMPTY_BLOB(), 'Confirmo asistencia');
INSERT INTO CONTENIDO VALUES ('U0004', 'U0004', 7, 1, '2', NULL, EMPTY_BLOB(), 'Yo también estaré');
INSERT INTO CONTENIDO VALUES ('U0006', 'U0006', 8, 1, '2', NULL, EMPTY_BLOB(), 'Perfecto, nos vemos');

--GRUPO 1002--
-- MENSAJES GRUPO 1002 (cada uno con +5 min)
INSERT INTO MENSAJE VALUES ('U0001', 'U0001', 11, 1002, NULL, NULL, NULL, TO_DATE('2025-07-07 09:00:00', 'YYYY-MM-DD HH24:MI:SS'));
INSERT INTO MENSAJE VALUES ('U0002', 'U0002', 12, 1002, NULL, NULL, NULL, TO_DATE('2025-07-07 09:05:00', 'YYYY-MM-DD HH24:MI:SS'));
INSERT INTO MENSAJE VALUES ('U0003', 'U0003', 13, 1002, NULL, NULL, NULL, TO_DATE('2025-07-07 09:10:00', 'YYYY-MM-DD HH24:MI:SS'));
INSERT INTO MENSAJE VALUES ('U0004', 'U0004', 14, 1002, NULL, NULL, NULL, TO_DATE('2025-07-07 09:15:00', 'YYYY-MM-DD HH24:MI:SS'));
INSERT INTO MENSAJE VALUES ('U0005', 'U0005', 15, 1002, NULL, NULL, NULL, TO_DATE('2025-07-07 09:20:00', 'YYYY-MM-DD HH24:MI:SS'));

-- Hilo (responden al mensaje 12)
INSERT INTO MENSAJE VALUES ('U0003', 'U0003', 16, 1002, 'U0002', 'U0002', 12, TO_DATE('2025-07-07 09:25:00', 'YYYY-MM-DD HH24:MI:SS'));
INSERT INTO MENSAJE VALUES ('U0004', 'U0004', 17, 1002, 'U0002', 'U0002', 12, TO_DATE('2025-07-07 09:30:00', 'YYYY-MM-DD HH24:MI:SS'));
INSERT INTO MENSAJE VALUES ('U0006', 'U0006', 18, 1002, 'U0002', 'U0002', 12, TO_DATE('2025-07-07 09:35:00', 'YYYY-MM-DD HH24:MI:SS'));

-- Todos los mensajes son de tipo texto (IDTIPOCONTENIDO = '2')
INSERT INTO CONTENIDO VALUES ('U0001', 'U0001', 11, 1, '2', NULL, EMPTY_BLOB(), 'Buen día grupo 1002');
INSERT INTO CONTENIDO VALUES ('U0002', 'U0002', 12, 1, '2', NULL, EMPTY_BLOB(), '¿Ya revisaron el documento?');
INSERT INTO CONTENIDO VALUES ('U0003', 'U0003', 13, 1, '2', NULL, EMPTY_BLOB(), 'Sí, está completo');
INSERT INTO CONTENIDO VALUES ('U0004', 'U0004', 14, 1, '2', NULL, EMPTY_BLOB(), 'Yo tengo dudas del punto 3');
INSERT INTO CONTENIDO VALUES ('U0005', 'U0005', 15, 1, '2', NULL, EMPTY_BLOB(), 'Lo explicamos en la reunión');

-- Respuestas al mensaje 12
INSERT INTO CONTENIDO VALUES ('U0003', 'U0003', 16, 1, '2', NULL, EMPTY_BLOB(), 'Buena pregunta, creo que sí');
INSERT INTO CONTENIDO VALUES ('U0004', 'U0004', 17, 1, '2', NULL, EMPTY_BLOB(), 'Se puede ajustar mejor');
INSERT INTO CONTENIDO VALUES ('U0006', 'U0006', 18, 1, '2', NULL, EMPTY_BLOB(), 'Lo discutimos en la tarde');
--GRUPO 1003--
-- MENSAJES GRUPO 1003 (cada uno con +5 min)
INSERT INTO MENSAJE VALUES ('U0001', 'U0001', 21, 1003, NULL, NULL, NULL, TO_DATE('2025-07-08 10:00:00', 'YYYY-MM-DD HH24:MI:SS'));
INSERT INTO MENSAJE VALUES ('U0002', 'U0002', 22, 1003, NULL, NULL, NULL, TO_DATE('2025-07-08 10:05:00', 'YYYY-MM-DD HH24:MI:SS'));
INSERT INTO MENSAJE VALUES ('U0003', 'U0003', 23, 1003, NULL, NULL, NULL, TO_DATE('2025-07-08 10:10:00', 'YYYY-MM-DD HH24:MI:SS'));
INSERT INTO MENSAJE VALUES ('U0004', 'U0004', 24, 1003, NULL, NULL, NULL, TO_DATE('2025-07-08 10:15:00', 'YYYY-MM-DD HH24:MI:SS'));
INSERT INTO MENSAJE VALUES ('U0005', 'U0005', 25, 1003, NULL, NULL, NULL, TO_DATE('2025-07-08 10:20:00', 'YYYY-MM-DD HH24:MI:SS'));

-- Hilo (responden al mensaje 22)
INSERT INTO MENSAJE VALUES ('U0003', 'U0003', 26, 1003, 'U0002', 'U0002', 22, TO_DATE('2025-07-08 10:25:00', 'YYYY-MM-DD HH24:MI:SS'));
INSERT INTO MENSAJE VALUES ('U0004', 'U0004', 27, 1003, 'U0002', 'U0002', 22, TO_DATE('2025-07-08 10:30:00', 'YYYY-MM-DD HH24:MI:SS'));
INSERT INTO MENSAJE VALUES ('U0006', 'U0006', 28, 1003, 'U0002', 'U0002', 22, TO_DATE('2025-07-08 10:35:00', 'YYYY-MM-DD HH24:MI:SS'));

-- Todos los mensajes son de texto (IDTIPOCONTENIDO = '2'), sin archivos ni imágenes
INSERT INTO CONTENIDO VALUES ('U0001', 'U0001', 21, 1, '2', NULL, EMPTY_BLOB(), 'Buenos días equipo');
INSERT INTO CONTENIDO VALUES ('U0002', 'U0002', 22, 1, '2', NULL, EMPTY_BLOB(), '¿Revisaron el nuevo cronograma?');
INSERT INTO CONTENIDO VALUES ('U0003', 'U0003', 23, 1, '2', NULL, EMPTY_BLOB(), 'Sí, ya lo vi');
INSERT INTO CONTENIDO VALUES ('U0004', 'U0004', 24, 1, '2', NULL, EMPTY_BLOB(), 'Parece que hay más entregas');
INSERT INTO CONTENIDO VALUES ('U0005', 'U0005', 25, 1, '2', NULL, EMPTY_BLOB(), 'Toca organizar el trabajo');

-- Respuestas al mensaje 22
INSERT INTO CONTENIDO VALUES ('U0003', 'U0003', 26, 1, '2', NULL, EMPTY_BLOB(), 'Lo discutimos después');
INSERT INTO CONTENIDO VALUES ('U0004', 'U0004', 27, 1, '2', NULL, EMPTY_BLOB(), 'Sí, cambiaron dos fechas');
INSERT INTO CONTENIDO VALUES ('U0006', 'U0006', 28, 1, '2', NULL, EMPTY_BLOB(), 'Ok, gracias por avisar');

COMMIT;